invoice_id,customer_id,service_type,billed_rate,usage_quantity,total_charge,date
1,C1043,api_calls,0.001,834182,834.18,2024-08-31
2,C1009,database_service,0.1507,1,0.15,2024-09-05
3,C1070,support_plan,50.1667,1,50.17,2024-06-02
4,C1045,support_plan,50.1343,1,50.13,2024-08-23
5,C1087,support_plan,50.3942,1,50.39,2024-02-02
6,C1098,bandwidth,0.0202,4674,94.41,2024-05-19
7,C1011,api_calls,0.001,495859,495.86,2024-03-14
8,C1010,cloud_storage,0.0503,930,46.78,2024-05-08
9,C1081,api_calls,0.001,482240,482.24,2024-08-02
10,C1100,cloud_storage,0.0497,684,33.99,2024-10-20
11,C1079,compute_instances,0.1005,679,68.24,2024-09-30
12,C1009,api_calls,0.001,935832,935.83,2024-03-23
13,C1070,cloud_storage,0.0497,325,16.15,2024-06-07
14,C1012,bandwidth,0.02,4620,92.4,2024-05-11
15,C1036,cloud_storage,0.0503,886,44.57,2024-04-03
16,C1060,support_plan,49.5552,1,49.56,2024-04-22
17,C1083,support_plan,50.0177,1,50.02,2024-03-11
18,C1096,api_calls,0.001,380327,380.33,2024-07-10
19,C1073,support_plan,50.1948,1,50.19,2024-02-25
20,C1004,database_service,0.1507,2,0.3,2024-01-19
21,C1036,cloud_storage,0.0503,707,35.56,2024-09-20
22,C1081,bandwidth,0.0201,1585,31.86,2024-08-14
23,C1030,support_plan,49.5925,1,49.59,2024-08-03
24,C1037,compute_instances,0.1008,359,36.19,2024-05-30
25,C1009,api_calls,0.001,613862,613.86,2024-07-23
26,C1085,cloud_storage,0.0498,885,44.07,2024-06-10
27,C1024,support_plan,49.5977,1,49.6,2024-01-26
28,C1024,support_plan,49.5977,1,49.6,2024-01-26
28,C1099,cloud_storage,0.0504,670,33.77,2024-05-21
29,C1054,support_plan,50.0338,1,50.03,2024-07-10
30,C1042,bandwidth,0.0201,2529,50.83,2024-04-08
31,C1094,cloud_storage,0.0498,466,23.21,2024-03-11
32,C1052,compute_instances,0.0994,317,31.51,2024-06-26
33,C1022,bandwidth,0.0199,1476,29.37,2024-09-24
34,C1096,cloud_storage,0.0502,577,28.97,2024-11-15
35,C1081,compute_instances,0.0998,620,61.88,2024-07-16
36,C1085,api_calls,0.001,693498,693.5,2024-08-30
37,C1073,support_plan,50.1948,1,50.19,2024-10-28
38,C1098,support_plan,50.1251,1,50.13,2024-05-20
39,C1081,api_calls,0.001,623277,623.28,2024-09-16
40,C1036,api_calls,0.001,66851,66.85,2024-02-17
41,C1069,api_calls,0.001,20130,20.13,2024-04-15
42,C1050,database_service,0.1505,10,1.5,2024-03-25
43,C1093,support_plan,49.6887,1,49.69,2024-03-30
44,C1036,cloud_storage,0.0503,495,24.9,2024-02-13
45,C1049,cloud_storage,0.0503,412,20.72,2024-05-25
46,C1028,database_service,0.15,6,0.9,2024-06-08
47,C1052,compute_instances,0.0994,364,36.18,2024-01-31
48,C1049,api_calls,0.001,403536,403.54,2024-04-23
49,C1007,api_calls,0.001,20436,20.44,2024-06-25
50,C1043,api_calls,0.001,598521,598.52,2024-04-19
51,C1063,support_plan,50.0691,1,50.07,2024-03-14
52,C1026,bandwidth,0.0188,3178,59.75,2024-01-30
53,C1030,compute_instances,0.0998,526,52.49,2024-04-03
54,C1011,cloud_storage,0.0498,651,32.42,2024-04-09
55,C1025,support_plan,50.2049,1,50.2,2024-01-19
56,C1085,support_plan,49.8062,1,49.81,2024-03-17
57,C1049,cloud_storage,0.0503,541,27.21,2024-05-29
58,C1029,bandwidth,0.02,4258,85.16,2024-06-24
59,C1011,database_service,0.1509,5,0.75,2024-03-13
60,C1063,support_plan,50.0691,1,50.07,2024-07-14
61,C1066,support_plan,49.7987,1,49.8,2024-09-04
62,C1012,bandwidth,0.02,3739,74.78,2024-09-25
63,C1079,database_service,0.1499,8,1.2,2024-04-18
64,C1028,bandwidth,0.0198,2956,58.53,2024-05-29
65,C1032,database_service,0.1498,9,1.35,2024-03-24
66,C1037,compute_instances,0.1008,422,42.54,2024-06-21
67,C1070,support_plan,50.1667,1,50.17,2024-02-14
68,C1089,cloud_storage,0.0502,262,13.15,2024-02-28
70,C1089,cloud_storage,0.0502,262,13.15,2024-02-28
69,C1042,api_calls,0.001,692073,692.07,2024-10-31
70,C1047,cloud_storage,0.0504,102,5.14,2024-06-18
71,C1098,support_plan,50.1251,1,50.13,2024-05-30
72,C1031,support_plan,49.8582,1,49.86,2024-05-13
73,C1029,api_calls,0.001,244130,244.13,2024-05-04
74,C1032,database_service,0.1498,9,1.35,2024-04-13
75,C1065,compute_instances,0.0993,274,27.21,2024-07-22
76,C1055,bandwidth,0.02,3616,72.32,2024-12-13
77,C1072,bandwidth,0.0199,2659,52.91,2024-03-04
78,C1049,api_calls,0.001,831420,831.42,2024-06-13
79,C1007,bandwidth,0.02,1544,30.88,2024-11-15
82,C1007,bandwidth,0.02,1544,30.88,2024-11-15
80,C1022,compute_instances,0.1003,638,63.99,2024-06-29
81,C1023,bandwidth,0.02,3106,62.12,2024-08-04
82,C1028,bandwidth,0.0198,1760,34.85,2024-05-19
83,C1078,support_plan,49.5765,1,49.58,2024-12-11
84,C1022,bandwidth,0.0199,2833,56.38,2024-03-26
85,C1027,support_plan,50.4365,1,50.44,2024-07-02
86,C1064,compute_instances,0.1,95,9.5,2024-03-15
87,C1024,support_plan,49.5977,1,49.6,2024-12-16
88,C1024,api_calls,0.001,26652,26.65,2024-03-10
89,C1072,bandwidth,0.0199,942,18.75,2024-08-11
90,C1047,cloud_storage,0.0504,274,13.81,2024-04-28
91,C1006,cloud_storage,0.0497,955,47.46,2024-12-17
92,C1009,bandwidth,0.0189,1120,21.17,2024-03-31
93,C1100,cloud_storage,0.0497,372,18.49,2024-04-30
94,C1066,cloud_storage,0.0499,246,12.28,2024-03-24
95,C1023,bandwidth,0.02,1611,32.22,2024-04-03
96,C1040,database_service,0.1506,8,1.2,2024-04-23
97,C1008,api_calls,0.001,282767,282.77,2024-05-17
98,C1083,support_plan,50.0177,1,50.02,2024-04-16
99,C1007,bandwidth,0.02,4658,93.16,2024-03-28
100,C1019,api_calls,0.001,427218,427.22,2024-04-04
101,C1099,cloud_storage,0.0504,417,21.02,2024-06-30
102,C1095,bandwidth,0.0199,2061,41.01,2024-07-13
103,C1098,support_plan,50.1251,1,50.13,2024-03-23
104,C1017,bandwidth,0.0199,894,17.79,2024-06-24
105,C1070,support_plan,50.1667,1,50.17,2024-04-13
106,C1019,api_calls,0.001,459008,459.01,2024-09-10
107,C1080,database_service,0.1496,4,0.6,2024-07-06
108,C1022,bandwidth,0.0199,1105,21.99,2025-01-07
109,C1026,api_calls,0.001,451144,451.14,2024-03-23
110,C1038,cloud_storage,0.0497,238,11.83,2024-09-12
111,C1045,database_service,0.151,4,0.6,2024-04-12
112,C1087,cloud_storage,0.0498,799,39.79,2024-07-03
113,C1011,database_service,0.1509,9,1.36,2024-06-11
114,C1048,cloud_storage,0.0498,300,14.94,2024-04-25
115,C1029,bandwidth,0.02,4356,87.12,2024-06-16
116,C1084,bandwidth,0.0201,2880,57.89,2024-11-13
117,C1006,bandwidth,0.0199,3793,75.48,2024-09-01
121,C1006,bandwidth,0.0199,3793,75.48,2024-09-01
118,C1046,api_calls,0.001,214838,214.84,2024-03-04
119,C1088,bandwidth,0.0199,3093,61.55,2024-04-02
120,C1073,api_calls,0.001,785939,785.94,2024-03-23
121,C1077,cloud_storage,0.0496,626,31.05,2024-05-03
126,C1077,cloud_storage,0.0496,626,31.05,2024-05-03
122,C1058,compute_instances,0.1008,278,28.02,2024-07-22
123,C1026,api_calls,0.001,726267,726.27,2024-03-23
124,C1026,api_calls,0.001,914930,914.93,2024-01-27
125,C1090,database_service,0.1511,5,0.76,2024-03-24
126,C1033,bandwidth,0.0201,4360,87.64,2024-07-24
127,C1011,database_service,0.1509,2,0.3,2024-02-20
128,C1057,database_service,0.1504,7,1.05,2024-07-23
129,C1036,cloud_storage,0.0503,609,30.63,2024-10-12
130,C1082,compute_instances,0.1002,345,34.57,2024-11-30
131,C1028,database_service,0.15,4,0.6,2024-07-21
132,C1043,api_calls,0.001,274277,274.28,2024-07-02
133,C1029,bandwidth,0.02,2578,51.56,2024-07-05
134,C1017,database_service,0.1488,6,0.89,2024-04-02
135,C1050,database_service,0.1505,5,0.75,2024-04-02
136,C1005,bandwidth,0.0198,3665,72.57,2024-01-03
137,C1080,cloud_storage,0.0497,485,24.1,2024-09-02
138,C1094,cloud_storage,0.0498,669,33.32,2024-06-29
139,C1088,bandwidth,0.0199,4458,88.71,2024-08-12
140,C1031,support_plan,49.8582,1,49.86,2024-04-25
141,C1054,support_plan,50.0338,1,50.03,2024-05-19
142,C1050,database_service,0.1505,10,1.5,2024-02-23
143,C1079,compute_instances,0.1005,184,18.49,2024-10-28
144,C1093,support_plan,49.6887,1,49.69,2024-07-08
145,C1042,bandwidth,0.0201,3114,62.59,2024-03-30
146,C1044,compute_instances,0.099,393,38.91,2024-05-14
147,C1091,cloud_storage,0.0497,325,16.15,2024-02-21
148,C1012,cloud_storage,0.0499,897,44.76,2024-03-19
149,C1076,api_calls,0.001,110621,110.62,2024-06-28
150,C1081,api_calls,0.001,209127,209.13,2024-04-01
151,C1090,database_service,0.1511,4,0.6,2024-04-19
152,C1100,cloud_storage,0.0497,502,24.95,2024-07-12
153,C1043,bandwidth,0.0199,4744,94.41,2024-03-26
154,C1055,bandwidth,0.02,686,13.72,2024-02-21
155,C1006,cloud_storage,0.0497,435,21.62,2024-06-12
156,C1091,cloud_storage,0.0497,176,8.75,2024-07-20
157,C1074,database_service,0.1486,5,0.74,2024-08-16
158,C1096,api_calls,0.001,302111,302.11,2024-05-16
159,C1053,database_service,0.149,10,1.49,2024-02-28
160,C1015,cloud_storage,0.0495,835,41.33,2024-04-21
161,C1080,cloud_storage,0.0497,949,47.17,2024-02-20
162,C1037,compute_instances,0.1008,117,11.79,2024-06-23
163,C1041,cloud_storage,0.0498,139,6.92,2024-05-31
164,C1034,support_plan,49.5559,1,49.56,2024-08-08
165,C1016,bandwidth,0.0201,2300,46.23,2024-06-27
166,C1054,api_calls,0.001,774588,774.59,2024-05-18
167,C1021,database_service,0.1222,4,0.49,2024-08-07
168,C1093,support_plan,49.6887,1,49.69,2024-02-11
169,C1027,support_plan,50.4365,1,50.44,2024-10-08
170,C1061,database_service,0.1514,5,0.76,2024-06-28
171,C1049,api_calls,0.001,769640,769.64,2024-03-15
172,C1021,bandwidth,0.0199,4366,86.88,2024-10-26
173,C1098,support_plan,50.1251,1,50.13,2024-05-16
174,C1018,compute_instances,0.0992,700,69.44,2024-03-06
175,C1029,bandwidth,0.02,1964,39.28,2024-01-20
176,C1053,database_service,0.149,9,1.34,2024-05-06
177,C1020,bandwidth,0.0198,4038,79.95,2024-09-20
178,C1031,support_plan,49.8582,1,49.86,2024-03-21
179,C1072,bandwidth,0.0199,1859,36.99,2024-08-28
180,C1085,api_calls,0.001,607790,607.79,2024-04-21
181,C1072,bandwidth,0.0199,1655,32.93,2024-10-06
182,C1031,support_plan,41.5035,1,41.5,2024-05-09
183,C1083,api_calls,0.001,848154,848.15,2024-09-16
184,C1056,database_service,0.1498,4,0.6,2024-01-24
185,C1044,compute_instances,0.099,476,47.12,2024-07-15
186,C1100,compute_instances,0.1001,545,54.55,2024-01-25
187,C1087,cloud_storage,0.0498,296,14.74,2024-02-18
188,C1024,support_plan,49.5977,1,49.6,2024-10-21
189,C1016,bandwidth,0.0201,2188,43.98,2024-06-01
190,C1021,database_service,0.15,8,1.2,2024-04-03
191,C1079,compute_instances,0.1005,201,20.2,2024-04-26
192,C1043,api_calls,0.001,663788,663.79,2024-08-07
193,C1057,database_service,0.1504,2,0.3,2024-10-31
194,C1061,database_service,0.1514,6,0.91,2024-08-18
195,C1067,api_calls,0.001,672628,672.63,2024-06-04
196,C1080,support_plan,50.074,1,50.07,2024-04-01
197,C1036,cloud_storage,0.0503,165,8.3,2024-07-16
198,C1034,support_plan,49.5559,1,49.56,2024-03-29
199,C1026,cloud_storage,0.0505,924,46.66,2024-03-02
200,C1042,bandwidth,0.0201,1474,29.63,2024-08-11
201,C1009,api_calls,0.001,301373,301.37,2024-02-25
202,C1012,cloud_storage,0.0499,209,10.43,2024-04-28
203,C1067,database_service,0.1494,1,0.15,2024-04-21
204,C1053,database_service,0.149,3,0.45,2024-10-17
205,C1075,api_calls,0.001,666832,666.83,2024-09-02
206,C1097,support_plan,50.1749,1,50.17,2024-02-22
207,C1004,database_service,0.1507,4,0.6,2024-04-11
208,C1066,support_plan,49.7987,1,49.8,2024-05-08
209,C1040,database_service,0.1506,10,1.51,2024-08-14
210,C1065,database_service,0.1501,1,0.15,2024-07-13
211,C1012,support_plan,49.5056,1,49.51,2024-09-20
212,C1010,bandwidth,0.0199,4849,96.5,2024-06-01
213,C1020,compute_instances,0.1001,181,18.12,2024-07-16
214,C1091,support_plan,50.0773,1,50.08,2024-07-05
215,C1018,compute_instances,0.0992,487,48.31,2024-02-23
216,C1091,cloud_storage,0.0497,128,6.36,2024-01-28
217,C1052,compute_instances,0.0994,718,71.37,2024-08-10
218,C1085,support_plan,49.8062,1,49.81,2024-02-01
219,C1046,api_calls,0.001,345735,345.74,2024-01-27
220,C1098,compute_instances,0.101,495,50.0,2024-07-19
221,C1006,cloud_storage,0.0497,755,37.52,2024-07-29
222,C1051,api_calls,0.001,211945,211.94,2024-09-04
223,C1063,support_plan,50.0691,1,50.07,2024-07-25
224,C1080,support_plan,50.074,1,50.07,2024-02-09
225,C1100,compute_instances,0.1001,568,56.86,2024-03-09
226,C1054,api_calls,0.001,444599,444.6,2024-02-07
227,C1093,support_plan,49.6887,1,49.69,2024-07-07
228,C1019,compute_instances,0.0844,603,50.89,2024-03-25
229,C1090,cloud_storage,0.0505,884,44.64,2024-03-14
230,C1093,compute_instances,0.1006,528,53.12,2024-09-02
231,C1100,cloud_storage,0.0497,122,6.06,2024-03-08
232,C1093,compute_instances,0.1006,381,38.33,2024-05-24
233,C1087,support_plan,50.3942,1,50.39,2024-08-14
234,C1084,bandwidth,0.0201,1872,37.63,2024-11-08
235,C1096,api_calls,0.001,880866,880.87,2024-01-06
236,C1087,support_plan,50.3942,1,50.39,2024-07-23
237,C1079,compute_instances,0.1005,554,55.68,2024-02-02
238,C1089,cloud_storage,0.0502,467,23.44,2024-08-14
239,C1099,cloud_storage,0.0504,251,12.65,2024-10-21
240,C1007,cloud_storage,0.0503,549,27.61,2024-07-09
241,C1013,bandwidth,0.02,3408,68.16,2024-04-23
242,C1017,bandwidth,0.0199,3036,60.42,2024-09-01
243,C1074,database_service,0.1486,7,1.04,2024-07-07
244,C1001,bandwidth,0.02,860,17.2,2024-04-28
245,C1014,api_calls,0.0009,738604,664.74,2024-09-28
246,C1042,api_calls,0.001,421953,421.95,2024-02-20
247,C1072,bandwidth,0.0199,1029,20.48,2024-09-10
248,C1011,database_service,0.1509,2,0.3,2024-07-20
249,C1099,api_calls,0.001,547158,547.16,2024-08-10
250,C1005,bandwidth,0.0198,1561,30.91,2024-05-03
251,C1031,support_plan,49.8582,1,49.86,2024-06-05
252,C1070,cloud_storage,0.0497,826,41.05,2024-04-04
253,C1096,database_service,0.1488,5,0.74,2024-06-06
254,C1042,api_calls,0.001,308227,308.23,2024-09-26
255,C1028,cloud_storage,0.0505,956,48.28,2024-07-01
256,C1018,compute_instances,0.0992,83,8.23,2024-07-31
257,C1050,database_service,0.1505,6,0.9,2024-02-05
258,C1028,database_service,0.15,5,0.75,2024-03-07
259,C1021,bandwidth,0.0199,2849,56.7,2024-10-07
260,C1021,bandwidth,0.0199,4847,96.46,2024-04-24
261,C1085,api_calls,0.001,979596,979.6,2024-06-14
267,C1085,api_calls,0.001,979596,979.6,2024-06-14
262,C1005,cloud_storage,0.0497,195,9.69,2024-05-11
263,C1096,api_calls,0.001,385563,385.56,2024-07-04
264,C1005,database_service,0.1503,10,1.5,2024-07-17
265,C1073,support_plan,50.1948,1,50.19,2024-01-31
266,C1061,database_service,0.1514,8,1.21,2024-06-27
267,C1045,compute_instances,0.1004,403,40.46,2024-08-15
268,C1067,cloud_storage,0.0504,441,22.23,2024-10-05
269,C1094,cloud_storage,0.0498,997,49.65,2024-08-28
270,C1029,compute_instances,0.1006,187,18.81,2024-05-09
271,C1068,database_service,0.1496,10,1.5,2024-06-13
272,C1094,cloud_storage,0.0498,440,21.91,2024-04-20
273,C1092,api_calls,0.001,968304,968.3,2024-02-08
274,C1090,database_service,0.1511,8,1.21,2024-08-01
275,C1049,cloud_storage,0.0503,909,45.72,2024-10-09
276,C1062,api_calls,0.001,210894,210.89,2024-06-20
277,C1067,api_calls,0.001,157425,157.43,2024-11-29
278,C1006,support_plan,49.7939,1,49.79,2024-05-21
279,C1065,database_service,0.1501,6,0.9,2024-10-16
280,C1014,api_calls,0.001,138134,138.13,2024-03-08
281,C1098,bandwidth,0.0202,1153,23.29,2024-08-29
282,C1031,bandwidth,0.0199,3673,73.09,2024-06-18
283,C1036,bandwidth,0.0199,616,12.26,2024-01-27
284,C1036,bandwidth,0.0199,744,14.81,2024-06-02
285,C1080,support_plan,50.074,1,50.07,2024-02-03
286,C1011,database_service,0.1509,1,0.15,2024-04-06
287,C1017,bandwidth,0.0199,1817,36.16,2024-08-26
288,C1065,compute_instances,0.0993,356,35.35,2024-10-07
289,C1088,bandwidth,0.0199,3480,69.25,2024-10-12
290,C1086,database_service,0.1494,4,0.6,2024-06-03
291,C1091,cloud_storage,0.0497,396,19.68,2024-01-25
292,C1052,compute_instances,0.0994,350,34.79,2024-07-30
293,C1042,bandwidth,0.0201,2782,55.92,2024-06-12
294,C1010,cloud_storage,0.0503,245,12.32,2024-05-26
295,C1076,api_calls,0.001,662969,662.97,2024-10-12
296,C1067,api_calls,0.001,276138,276.14,2024-09-24
297,C1017,database_service,0.1488,9,1.34,2024-05-05
298,C1012,support_plan,49.5056,1,49.51,2024-01-30
299,C1091,support_plan,50.0773,1,50.08,2024-03-06
300,C1045,support_plan,50.1343,1,50.13,2024-03-07
301,C1066,compute_instances,0.0991,286,28.34,2024-06-28
302,C1091,api_calls,0.001,725186,725.19,2024-03-07
303,C1056,database_service,0.1498,2,0.3,2024-06-19
304,C1054,support_plan,50.0338,1,50.03,2024-03-16
305,C1068,compute_instances,0.0991,135,13.38,2024-05-15
306,C1049,support_plan,49.9345,1,49.93,2024-07-05
307,C1082,compute_instances,0.1002,543,54.41,2024-01-27
308,C1028,database_service,0.15,8,1.2,2024-06-27
309,C1082,compute_instances,0.1002,624,62.52,2024-11-22
310,C1085,api_calls,0.001,407748,407.75,2024-04-08
311,C1099,cloud_storage,0.0504,584,29.43,2024-08-02
312,C1019,bandwidth,0.02,3921,78.42,2024-03-29
313,C1049,support_plan,49.9345,1,49.93,2024-08-13
314,C1006,support_plan,49.7939,1,49.79,2024-08-05
315,C1028,cloud_storage,0.0505,379,19.14,2024-07-14
322,C1028,cloud_storage,0.0505,379,19.14,2024-07-14
316,C1056,database_service,0.1498,2,0.3,2024-01-19
317,C1030,compute_instances,0.0998,120,11.98,2024-09-05
318,C1030,database_service,0.1503,10,1.5,2024-07-18
319,C1022,compute_instances,0.1003,504,50.55,2024-02-26
320,C1100,cloud_storage,0.0497,474,23.56,2024-08-18
321,C1042,api_calls,0.001,216036,216.04,2024-03-24
322,C1097,bandwidth,0.0198,3101,61.4,2024-08-20
323,C1045,compute_instances,0.1004,548,55.02,2024-03-06
324,C1011,database_service,0.1509,3,0.45,2024-03-03
325,C1018,compute_instances,0.0992,465,46.13,2024-03-07
326,C1067,cloud_storage,0.0504,919,46.32,2024-10-09
327,C1080,cloud_storage,0.0497,748,37.18,2024-06-15
328,C1050,database_service,0.1505,5,0.75,2024-09-29
329,C1003,bandwidth,0.02,2657,53.14,2024-04-21
330,C1048,cloud_storage,0.0498,516,25.7,2024-04-16
331,C1024,api_calls,0.001,907557,907.56,2024-10-21
332,C1094,cloud_storage,0.0422,284,11.98,2024-05-11
333,C1005,database_service,0.1503,5,0.75,2024-04-07
334,C1078,support_plan,49.5765,1,49.58,2024-11-20
335,C1054,compute_instances,0.1003,574,57.57,2024-06-13
336,C1049,cloud_storage,0.0503,638,32.09,2024-03-31
337,C1061,database_service,0.1514,7,1.06,2024-04-02
338,C1093,support_plan,49.6887,1,49.69,2024-03-02
339,C1045,support_plan,50.1343,1,50.13,2024-05-30
340,C1018,compute_instances,0.0992,166,16.47,2024-11-08
341,C1014,api_calls,0.001,936925,936.93,2024-03-08
342,C1085,api_calls,0.001,108968,108.97,2024-06-23
343,C1036,cloud_storage,0.0503,365,18.36,2024-04-11
344,C1098,support_plan,50.1251,1,50.13,2024-05-01
345,C1004,database_service,0.1507,3,0.45,2024-03-07
346,C1026,api_calls,0.001,815404,815.4,2024-08-24
347,C1096,database_service,0.1488,1,0.15,2024-04-05
348,C1028,cloud_storage,0.0505,593,29.95,2024-05-15
349,C1018,api_calls,0.001,582303,582.3,2024-03-10
350,C1059,bandwidth,0.02,3993,79.86,2024-04-03
351,C1080,support_plan,50.074,1,50.07,2024-03-22
352,C1089,cloud_storage,0.0502,967,48.54,2024-02-05
353,C1007,cloud_storage,0.0503,181,9.1,2024-08-08
354,C1012,bandwidth,0.02,2712,54.24,2024-03-11
355,C1084,bandwidth,0.0201,510,10.25,2024-08-22
356,C1011,cloud_storage,0.0498,698,34.76,2024-05-15
357,C1079,compute_instances,0.1005,479,48.14,2024-08-04
358,C1091,api_calls,0.001,960078,960.08,2024-08-06
359,C1065,database_service,0.1501,9,1.35,2024-09-01
360,C1084,database_service,0.1507,6,0.9,2024-07-27
361,C1096,api_calls,0.001,861928,861.93,2024-05-28
362,C1020,bandwidth,0.0198,2643,52.33,2024-07-05
363,C1026,api_calls,0.001,210969,210.97,2024-10-02
364,C1063,support_plan,50.0691,1,50.07,2024-05-21
365,C1005,cloud_storage,0.0497,482,23.96,2024-03-12
366,C1043,api_calls,0.001,631992,631.99,2024-03-10
367,C1087,cloud_storage,0.0498,409,20.37,2024-04-10
368,C1066,compute_instances,0.0991,504,49.95,2024-06-09
369,C1032,database_service,0.1498,4,0.6,2024-05-27
370,C1086,database_service,0.1494,4,0.6,2024-03-10
371,C1056,database_service,0.1498,4,0.6,2024-01-13
372,C1020,bandwidth,0.0198,1952,38.65,2024-06-03
373,C1084,database_service,0.1507,9,1.36,2024-07-15
374,C1030,database_service,0.1503,8,1.2,2024-08-10
375,C1081,api_calls,0.001,67601,67.6,2024-04-02
376,C1008,api_calls,0.001,821920,821.92,2024-02-29
377,C1049,api_calls,0.001,408077,408.08,2024-02-28
378,C1054,compute_instances,0.1003,107,10.73,2024-02-12
379,C1037,cloud_storage,0.0461,783,36.1,2024-06-23
380,C1016,bandwidth,0.0201,1439,28.92,2024-08-23
381,C1037,cloud_storage,0.0503,146,7.34,2024-07-08
382,C1030,database_service,0.1503,1,0.15,2024-07-07
383,C1086,database_service,0.1494,7,1.05,2024-03-09
384,C1009,bandwidth,0.02,1114,22.28,2024-05-12
385,C1049,api_calls,0.001,309673,309.67,2024-05-29
386,C1055,bandwidth,0.02,4039,80.78,2024-02-20
387,C1060,support_plan,49.5552,1,49.56,2024-04-01
388,C1091,support_plan,50.0773,1,50.08,2024-06-21
389,C1010,bandwidth,0.0199,2536,50.47,2024-04-28
390,C1020,compute_instances,0.1001,66,6.61,2024-07-29
391,C1016,bandwidth,0.0201,2713,54.53,2024-07-02
392,C1027,support_plan,50.4365,1,50.44,2024-07-19
393,C1026,bandwidth,0.02,3337,66.74,2024-04-15
394,C1099,compute_instances,0.0999,658,65.73,2024-06-13
395,C1091,cloud_storage,0.0497,938,46.62,2024-08-15
396,C1075,api_calls,0.001,496320,496.32,2024-03-28
404,C1075,api_calls,0.001,496320,496.32,2024-03-28
397,C1061,database_service,0.1514,6,0.91,2024-03-02
398,C1075,api_calls,0.001,891158,891.16,2024-07-03
399,C1084,database_service,0.1507,4,0.6,2024-08-01
400,C1087,cloud_storage,0.0498,386,19.22,2024-06-05
401,C1056,database_service,0.1498,6,0.9,2024-08-29
402,C1010,bandwidth,0.0199,1872,37.25,2024-06-28
403,C1029,bandwidth,0.02,955,19.1,2024-01-30
404,C1043,bandwidth,0.0199,3148,62.65,2024-05-23
405,C1037,compute_instances,0.1008,634,63.91,2024-09-02
406,C1098,support_plan,50.1251,1,50.13,2024-07-02
407,C1037,compute_instances,0.1008,676,68.14,2024-10-27
408,C1036,cloud_storage,0.0503,348,17.5,2024-09-14
417,C1036,cloud_storage,0.0503,348,17.5,2024-09-14
409,C1095,cloud_storage,0.0503,876,44.06,2024-02-29
410,C1015,api_calls,0.001,882981,882.98,2024-03-15
411,C1063,support_plan,50.0691,1,50.07,2024-08-05
412,C1049,api_calls,0.001,23930,23.93,2024-06-15
413,C1015,api_calls,0.001,443290,443.29,2024-11-05
414,C1026,cloud_storage,0.0505,163,8.23,2024-03-10
415,C1096,cloud_storage,0.0502,467,23.44,2024-10-17
416,C1086,database_service,0.1494,1,0.15,2024-02-15
417,C1018,compute_instances,0.0992,221,21.92,2024-05-17
418,C1036,bandwidth,0.0199,4312,85.81,2024-06-23
419,C1062,api_calls,0.001,864984,864.98,2024-06-18
420,C1081,api_calls,0.001,486529,486.53,2024-12-15
421,C1087,support_plan,50.3942,1,50.39,2024-06-02
422,C1034,support_plan,49.5559,1,49.56,2024-04-26
423,C1036,api_calls,0.001,922029,922.03,2024-03-03
424,C1023,bandwidth,0.02,4705,94.1,2024-05-17
425,C1071,compute_instances,0.0997,87,8.67,2024-07-15
426,C1013,bandwidth,0.02,2294,45.88,2024-04-11
427,C1010,cloud_storage,0.0503,954,47.99,2024-03-26
428,C1011,database_service,0.1509,5,0.75,2024-05-21
429,C1091,api_calls,0.001,396597,396.6,2024-09-03
430,C1090,database_service,0.1511,6,0.91,2024-11-29
431,C1037,compute_instances,0.1008,529,53.32,2024-08-27
432,C1006,bandwidth,0.0199,2161,43.0,2024-03-08
433,C1007,bandwidth,0.02,1540,30.8,2024-10-29
434,C1003,bandwidth,0.02,3085,61.7,2024-07-09
435,C1084,bandwidth,0.0201,4028,80.96,2024-04-25
436,C1085,cloud_storage,0.0498,749,37.3,2024-08-29
437,C1046,api_calls,0.001,933090,933.09,2024-05-16
438,C1088,database_service,0.1495,3,0.45,2024-04-30
439,C1073,api_calls,0.001,711490,711.49,2024-07-30
440,C1051,support_plan,50.0508,1,50.05,2024-04-11
441,C1074,database_service,0.1486,5,0.74,2024-02-05
442,C1064,compute_instances,0.1,167,16.7,2024-04-02
443,C1040,database_service,0.1506,8,1.2,2024-02-18
444,C1098,compute_instances,0.101,246,24.85,2024-06-27
445,C1067,database_service,0.1494,6,0.9,2024-03-03
446,C1067,api_calls,0.001,610162,610.16,2024-01-28
447,C1022,compute_instances,0.1003,91,9.13,2024-03-06
448,C1014,api_calls,0.001,342820,342.82,2024-05-23
449,C1087,support_plan,50.3942,1,50.39,2024-08-24
450,C1049,cloud_storage,0.0503,822,41.35,2024-07-31
451,C1041,cloud_storage,0.0498,905,45.07,2024-06-15
452,C1012,bandwidth,0.02,3837,76.74,2024-08-22
453,C1066,compute_instances,0.0991,216,21.41,2024-04-30
454,C1082,compute_instances,0.1002,153,15.33,2024-02-23
455,C1007,bandwidth,0.02,1833,36.66,2024-11-15
456,C1063,support_plan,50.0691,1,50.07,2024-07-16
457,C1015,api_calls,0.001,915520,915.52,2024-11-03
458,C1095,cloud_storage,0.0503,461,23.19,2024-05-18
459,C1007,api_calls,0.001,76758,76.76,2024-05-24
460,C1063,support_plan,50.0691,1,50.07,2024-03-30
461,C1040,database_service,0.1348,8,1.08,2024-01-31
462,C1015,support_plan,49.9936,1,49.99,2024-05-17
463,C1053,database_service,0.149,6,0.89,2024-07-31
464,C1059,bandwidth,0.02,2734,54.68,2024-06-02
465,C1017,bandwidth,0.0199,1701,33.85,2024-05-26
466,C1011,database_service,0.1509,2,0.3,2024-06-17
467,C1044,compute_instances,0.099,359,35.54,2024-11-02
468,C1014,api_calls,0.001,217407,217.41,2024-03-31
469,C1019,compute_instances,0.0998,451,45.01,2024-08-22
470,C1085,api_calls,0.001,356630,356.63,2024-07-29
471,C1047,cloud_storage,0.0504,235,11.84,2024-06-09
472,C1084,bandwidth,0.0201,587,11.8,2024-02-09
473,C1039,database_service,0.1499,6,0.9,2024-05-13
474,C1026,api_calls,0.001,425733,425.73,2024-10-18
475,C1029,compute_instances,0.1006,290,29.17,2024-05-31
476,C1065,database_service,0.1501,5,0.75,2024-05-30
477,C1026,bandwidth,0.02,1733,34.66,2024-05-28
478,C1060,support_plan,49.5552,1,49.56,2024-06-10
479,C1005,cloud_storage,0.0497,325,16.15,2024-05-12
480,C1012,cloud_storage,0.0499,780,38.92,2024-08-27
481,C1017,bandwidth,0.0199,1967,39.14,2024-04-22
482,C1053,database_service,0.149,7,1.04,2024-05-19
483,C1007,cloud_storage,0.0503,154,7.75,2024-03-13
484,C1030,database_service,0.1503,10,1.5,2024-08-10
485,C1088,bandwidth,0.0199,2187,43.52,2024-04-06
486,C1071,compute_instances,0.0997,208,20.74,2024-02-05
487,C1032,database_service,0.1498,10,1.5,2024-08-07
488,C1021,database_service,0.15,5,0.75,2024-05-21
489,C1018,api_calls,0.001,566003,566.0,2024-07-29
490,C1029,bandwidth,0.02,2559,51.18,2024-05-01
491,C1100,cloud_storage,0.0497,990,49.2,2024-02-01
492,C1049,cloud_storage,0.0503,187,9.41,2024-07-22
493,C1092,api_calls,0.001,197600,197.6,2024-07-01
494,C1027,support_plan,50.4365,1,50.44,2024-08-16
495,C1097,support_plan,50.1749,1,50.17,2024-10-29
496,C1031,bandwidth,0.0199,4494,89.43,2024-04-08
497,C1053,database_service,0.149,8,1.19,2024-04-21
498,C1002,compute_instances,0.1003,253,25.38,2024-10-04
499,C1071,compute_instances,0.0997,109,10.87,2024-03-21
500,C1067,api_calls,0.001,821061,821.06,2024-09-15
501,C1080,cloud_storage,0.0497,162,8.05,2024-10-02
502,C1020,compute_instances,0.1001,104,10.41,2024-08-17
503,C1056,database_service,0.1498,6,0.9,2024-05-29
504,C1076,bandwidth,0.0201,1970,39.6,2024-10-26
505,C1049,cloud_storage,0.0503,822,41.35,2024-02-24
506,C1046,api_calls,0.001,347969,347.97,2024-05-08
507,C1099,compute_instances,0.0999,384,38.36,2024-06-25
508,C1060,support_plan,49.5552,1,49.56,2024-07-30
509,C1083,api_calls,0.001,44897,44.9,2024-07-06
510,C1085,cloud_storage,0.0498,534,26.59,2024-08-14
511,C1090,database_service,0.1511,1,0.15,2024-02-16
512,C1081,bandwidth,0.0201,1806,36.3,2024-06-16
513,C1085,support_plan,49.8062,1,49.81,2024-05-08
514,C1049,cloud_storage,0.0503,368,18.51,2024-04-23
515,C1027,support_plan,50.4365,1,50.44,2024-03-15
516,C1026,api_calls,0.001,926751,926.75,2025-01-04
517,C1062,api_calls,0.001,958979,958.98,2024-07-11
518,C1011,database_service,0.1509,4,0.6,2024-06-11
519,C1023,bandwidth,0.02,3583,71.66,2024-05-08
520,C1004,database_service,0.1507,3,0.45,2024-12-18
521,C1023,bandwidth,0.02,3874,77.48,2024-05-24
522,C1065,database_service,0.1501,7,1.05,2024-10-01
523,C1084,bandwidth,0.0201,1529,30.73,2024-08-02
524,C1022,bandwidth,0.0199,2971,59.12,2024-04-02
525,C1093,support_plan,49.6887,1,49.69,2024-04-22
526,C1016,bandwidth,0.0201,4032,81.04,2024-04-22
527,C1010,cloud_storage,0.0503,306,15.39,2024-05-26
528,C1054,api_calls,0.001,421431,421.43,2024-08-31
529,C1071,compute_instances,0.0997,224,22.33,2024-01-31
530,C1052,compute_instances,0.0994,265,26.34,2024-07-01
531,C1051,api_calls,0.001,27088,27.09,2024-07-24
532,C1019,api_calls,0.001,805087,805.09,2024-05-18
533,C1030,support_plan,49.5925,1,49.59,2024-09-18
534,C1063,support_plan,50.0691,1,50.07,2024-04-01
535,C1080,cloud_storage,0.0497,637,31.66,2024-05-18
536,C1049,api_calls,0.001,595821,595.82,2024-01-27
537,C1071,compute_instances,0.0997,223,22.23,2024-08-16
538,C1009,api_calls,0.001,244875,244.88,2024-04-10
539,C1085,cloud_storage,0.0498,354,17.63,2024-11-21
540,C1092,api_calls,0.001,345750,345.75,2024-04-20
541,C1016,bandwidth,0.0201,549,11.03,2024-10-16
542,C1015,support_plan,49.9936,1,49.99,2024-02-10
543,C1060,support_plan,49.5552,1,49.56,2024-06-21
544,C1083,api_calls,0.001,504173,504.17,2024-03-16
545,C1091,cloud_storage,0.0497,866,43.04,2024-11-01
546,C1036,api_calls,0.001,297792,297.79,2024-02-09
547,C1080,support_plan,50.074,1,50.07,2024-06-19
548,C1007,bandwidth,0.02,1815,36.3,2024-07-09
549,C1008,api_calls,0.001,320733,320.73,2024-02-20
550,C1029,api_calls,0.001,444742,444.74,2024-02-07
551,C1006,cloud_storage,0.0497,655,32.55,2024-09-19
552,C1091,cloud_storage,0.0497,977,48.56,2024-09-10
553,C1009,bandwidth,0.02,4972,99.44,2024-04-26
554,C1007,bandwidth,0.02,4929,98.58,2024-06-14
555,C1004,database_service,0.1507,1,0.15,2024-10-22
556,C1026,api_calls,0.001,738818,738.82,2024-08-04
557,C1011,cloud_storage,0.0498,372,18.53,2024-06-15
558,C1019,compute_instances,0.0998,683,68.16,2024-08-09
559,C1017,bandwidth,0.0199,2529,50.33,2024-01-10
560,C1059,bandwidth,0.02,2763,55.26,2024-03-10
561,C1080,database_service,0.1496,9,1.35,2024-01-19
562,C1096,api_calls,0.001,603739,603.74,2024-08-04
563,C1091,cloud_storage,0.0497,923,45.87,2024-09-19
564,C1042,api_calls,0.001,960019,960.02,2024-08-11
565,C1088,database_service,0.1495,8,1.2,2024-03-26
566,C1090,support_plan,50.0927,1,50.09,2024-12-21
567,C1021,database_service,0.15,4,0.6,2024-01-25
568,C1081,compute_instances,0.0998,109,10.88,2024-03-21
569,C1024,support_plan,49.5977,1,49.6,2024-05-03
570,C1047,bandwidth,0.0199,3498,69.61,2024-05-24
571,C1042,bandwidth,0.0201,3115,62.61,2024-09-16
572,C1099,cloud_storage,0.0504,600,30.24,2024-07-02
573,C1025,support_plan,50.2049,1,50.2,2024-06-20
574,C1096,api_calls,0.001,105420,105.42,2024-03-31
575,C1080,cloud_storage,0.0413,766,31.64,2024-06-17
576,C1089,cloud_storage,0.0502,265,13.3,2024-01-28
577,C1063,support_plan,50.0691,1,50.07,2024-05-16
578,C1030,database_service,0.1503,7,1.05,2024-05-02
579,C1053,database_service,0.149,6,0.89,2024-02-11
580,C1016,bandwidth,0.0201,4970,99.9,2024-08-23
581,C1014,api_calls,0.001,707332,707.33,2024-08-20
582,C1037,cloud_storage,0.0503,937,47.13,2024-03-27
583,C1030,database_service,0.1503,6,0.9,2024-05-21
584,C1080,cloud_storage,0.0497,813,40.41,2024-07-06
585,C1081,compute_instances,0.0998,134,13.37,2024-06-08
586,C1012,support_plan,49.5056,1,49.51,2024-09-29
587,C1065,api_calls,0.001,223028,223.03,2024-07-31
588,C1038,cloud_storage,0.0497,407,20.23,2024-04-15
589,C1037,compute_instances,0.1008,252,25.4,2024-01-26
590,C1045,database_service,0.151,6,0.91,2024-08-19
591,C1088,bandwidth,0.0199,555,11.04,2024-10-01
592,C1029,api_calls,0.001,247394,247.39,2024-05-11
593,C1095,cloud_storage,0.0503,938,47.18,2024-06-14
594,C1042,database_service,0.1498,10,1.5,2024-02-07
595,C1090,support_plan,50.0927,1,50.09,2024-03-09
596,C1026,api_calls,0.001,812607,812.61,2024-10-01
597,C1058,compute_instances,0.1008,532,53.63,2024-10-12
598,C1038,cloud_storage,0.0497,135,6.71,2024-03-19
599,C1022,compute_instances,0.1003,697,69.91,2024-02-26
600,C1037,compute_instances,0.1008,577,58.16,2024-02-01
601,C1015,cloud_storage,0.0495,693,34.3,2024-03-11
602,C1098,bandwidth,0.0202,983,19.86,2024-05-28
603,C1090,cloud_storage,0.0505,787,39.74,2024-08-22
604,C1010,bandwidth,0.0199,4651,92.55,2024-08-16
605,C1100,database_service,0.1503,9,1.35,2024-02-17
606,C1047,bandwidth,0.0161,4618,74.35,2024-10-06
607,C1082,compute_instances,0.1002,502,50.3,2024-08-07
608,C1091,cloud_storage,0.0497,958,47.61,2024-04-22
609,C1036,api_calls,0.001,973970,973.97,2024-04-10
610,C1002,compute_instances,0.1003,137,13.74,2024-07-17
611,C1019,bandwidth,0.02,2791,55.82,2024-04-04
612,C1012,bandwidth,0.02,1431,28.62,2024-03-12
613,C1068,bandwidth,0.0202,2112,42.66,2024-10-20
614,C1068,database_service,0.1496,10,1.5,2024-09-28
615,C1099,cloud_storage,0.0504,852,42.94,2024-02-27
616,C1095,bandwidth,0.0199,1962,39.04,2024-08-07
617,C1094,cloud_storage,0.0498,583,29.03,2024-09-02
618,C1054,support_plan,50.0338,1,50.03,2024-01-31
619,C1067,database_service,0.1494,5,0.75,2024-03-12
620,C1015,api_calls,0.001,111382,111.38,2024-08-06
621,C1025,support_plan,52.7163,1,52.72,2024-07-18
622,C1031,support_plan,49.8582,1,49.86,2024-03-29
623,C1004,database_service,0.1507,6,0.9,2024-03-30
624,C1093,support_plan,49.6887,1,49.69,2024-03-11
625,C1019,compute_instances,0.0998,583,58.18,2024-11-27
626,C1043,bandwidth,0.0199,3610,71.84,2024-01-15
627,C1015,support_plan,49.9936,1,49.99,2024-07-12
628,C1068,bandwidth,0.0202,2031,41.03,2024-04-21
629,C1067,api_calls,0.001,604147,604.15,2024-08-23
630,C1053,database_service,0.149,7,1.04,2024-10-24
631,C1042,database_service,0.1498,2,0.3,2024-04-03
632,C1047,support_plan,49.962,1,49.96,2024-04-09
633,C1028,bandwidth,0.0198,2673,52.93,2024-07-14
634,C1005,database_service,0.1503,8,1.2,2024-06-05
635,C1007,api_calls,0.001,40991,40.99,2024-02-18
636,C1098,support_plan,50.1251,1,50.13,2024-05-09
637,C1070,cloud_storage,0.0497,725,36.03,2024-01-01
638,C1054,support_plan,50.0338,1,50.03,2024-04-10
639,C1099,cloud_storage,0.0504,330,16.63,2024-04-08
640,C1029,compute_instances,0.1006,24,2.41,2024-02-12
641,C1013,bandwidth,0.02,1711,34.22,2024-05-14
642,C1009,database_service,0.1507,6,0.9,2024-04-17
643,C1083,api_calls,0.001,395966,395.97,2024-08-11
644,C1099,compute_instances,0.0999,567,56.64,2024-05-29
645,C1047,support_plan,49.962,1,49.96,2024-06-02
646,C1014,api_calls,0.001,496809,496.81,2024-07-12
647,C1029,compute_instances,0.1006,384,38.63,2024-08-18
648,C1029,bandwidth,0.02,4856,97.12,2024-05-31
658,C1029,bandwidth,0.02,4856,97.12,2024-05-31
649,C1057,database_service,0.1504,6,0.9,2024-04-10
650,C1052,compute_instances,0.0994,578,57.45,2024-03-04
651,C1013,bandwidth,0.02,2293,45.86,2024-04-23
652,C1071,compute_instances,0.0997,265,26.42,2024-07-21
653,C1075,api_calls,0.001,334594,334.59,2024-06-14
664,C1075,api_calls,0.001,334594,334.59,2024-06-14
654,C1037,cloud_storage,0.0503,156,7.85,2024-02-29
655,C1034,support_plan,49.5559,1,49.56,2024-02-14
656,C1076,bandwidth,0.0201,1576,31.68,2024-05-04
657,C1036,cloud_storage,0.0503,467,23.49,2024-06-20
658,C1001,bandwidth,0.02,1389,27.78,2024-08-25
659,C1004,database_service,0.1507,7,1.05,2024-07-25
660,C1090,support_plan,50.0927,1,50.09,2024-06-22
661,C1052,compute_instances,0.0994,30,2.98,2024-04-08
662,C1017,database_service,0.1488,5,0.74,2024-07-29
663,C1091,cloud_storage,0.0497,578,28.73,2024-09-29
664,C1036,api_calls,0.001,625644,625.64,2024-05-06
665,C1081,compute_instances,0.0998,172,17.17,2024-07-19
666,C1081,compute_instances,0.0998,584,58.28,2024-03-07
667,C1012,support_plan,49.5056,1,49.51,2024-01-30
668,C1003,cloud_storage,0.0502,522,26.2,2024-10-25
669,C1020,compute_instances,0.1001,399,39.94,2024-05-04
670,C1054,compute_instances,0.1003,699,70.11,2024-05-08
671,C1042,api_calls,0.001,655601,655.6,2024-09-11
672,C1100,compute_instances,0.1001,457,45.75,2024-09-20
673,C1098,bandwidth,0.0202,4999,100.98,2024-10-02
674,C1060,support_plan,49.5552,1,49.56,2024-07-24
675,C1100,compute_instances,0.1001,244,24.42,2024-08-22
676,C1095,bandwidth,0.0199,3295,65.57,2024-02-28
677,C1098,support_plan,50.1251,1,50.13,2024-08-10
678,C1083,api_calls,0.001,193266,193.27,2024-08-06
679,C1051,support_plan,50.0508,1,50.05,2024-08-15
680,C1091,support_plan,50.0773,1,50.08,2024-02-15
681,C1054,support_plan,50.0338,1,50.03,2024-02-21
682,C1013,bandwidth,0.02,3365,67.3,2024-07-14
683,C1002,compute_instances,0.1003,521,52.26,2024-05-16
684,C1022,bandwidth,0.0199,2800,55.72,2024-07-06
685,C1017,bandwidth,0.0199,1193,23.74,2024-06-01
686,C1012,support_plan,49.5056,1,49.51,2024-06-09
687,C1022,compute_instances,0.1003,58,5.82,2024-09-23
688,C1029,compute_instances,0.1006,616,61.97,2024-06-28
689,C1055,bandwidth,0.02,1741,34.82,2024-02-12
690,C1084,bandwidth,0.0201,4005,80.5,2024-09-11
691,C1093,support_plan,49.6887,1,49.69,2024-03-01
692,C1017,bandwidth,0.0199,1906,37.93,2024-06-01
693,C1069,api_calls,0.001,861286,861.29,2024-01-30
694,C1047,support_plan,49.962,1,49.96,2024-05-17
695,C1017,database_service,0.1488,4,0.6,2024-02-01
696,C1094,cloud_storage,0.0498,769,38.3,2024-02-19
697,C1003,bandwidth,0.02,4694,93.88,2024-02-23
698,C1091,cloud_storage,0.0497,167,8.3,2024-07-27
699,C1008,api_calls,0.001,140467,140.47,2024-06-21
700,C1015,cloud_storage,0.0495,563,27.87,2024-03-10
701,C1097,support_plan,50.1749,1,50.17,2024-01-17
702,C1080,database_service,0.1496,2,0.3,2024-03-15
703,C1080,database_service,0.1496,5,0.75,2024-04-28
704,C1087,support_plan,50.3942,1,50.39,2024-02-01
716,C1087,support_plan,50.3942,1,50.39,2024-02-01
705,C1036,api_calls,0.001,575244,575.24,2024-06-07
706,C1091,support_plan,50.0773,1,50.08,2024-08-02
707,C1009,bandwidth,0.02,4030,80.6,2024-05-07
708,C1013,bandwidth,0.02,1597,31.94,2024-08-20
709,C1058,compute_instances,0.1008,114,11.49,2024-12-12
710,C1030,database_service,0.1503,1,0.15,2024-06-05
711,C1026,cloud_storage,0.0505,314,15.86,2024-01-06
712,C1017,bandwidth,0.0199,691,13.75,2024-03-20
713,C1024,api_calls,0.001,434998,435.0,2024-05-04
714,C1099,api_calls,0.001,588506,588.51,2024-05-25
715,C1053,database_service,0.149,10,1.49,2024-08-30
716,C1009,database_service,0.1507,7,1.05,2024-02-25
717,C1098,bandwidth,0.0202,2436,49.21,2024-10-11
718,C1083,api_calls,0.001,468282,468.28,2024-04-20
719,C1029,bandwidth,0.02,1156,23.12,2024-02-07
720,C1044,compute_instances,0.099,618,61.18,2024-07-05
721,C1022,bandwidth,0.0199,1521,30.27,2024-07-05
722,C1006,bandwidth,0.0199,4255,84.67,2024-03-24
723,C1048,cloud_storage,0.0498,195,9.71,2024-04-18
724,C1076,api_calls,0.001,785408,785.41,2024-03-14
725,C1066,cloud_storage,0.0499,183,9.13,2024-05-07
726,C1004,database_service,0.1507,6,0.9,2024-08-31
727,C1079,compute_instances,0.1005,92,9.25,2024-10-14
728,C1028,cloud_storage,0.0505,509,25.7,2024-05-03
729,C1045,compute_instances,0.1004,393,39.46,2024-05-22
742,C1045,compute_instances,0.1004,393,39.46,2024-05-22
730,C1054,support_plan,50.0338,1,50.03,2024-05-12
731,C1079,database_service,0.1499,7,1.05,2024-08-10
732,C1079,compute_instances,0.1005,200,20.1,2024-07-21
733,C1008,api_calls,0.001,552330,552.33,2024-06-09
734,C1015,cloud_storage,0.0495,919,45.49,2024-02-19
735,C1099,api_calls,0.001,854537,854.54,2024-06-19
736,C1065,database_service,0.1501,7,1.05,2024-09-03
737,C1097,bandwidth,0.0198,4638,91.83,2024-01-22
738,C1062,api_calls,0.001,732074,732.07,2024-05-20
739,C1019,api_calls,0.001,207174,207.17,2024-02-28
740,C1066,cloud_storage,0.0499,124,6.19,2024-03-21
741,C1019,compute_instances,0.0998,142,14.17,2024-05-10
742,C1019,bandwidth,0.02,1480,29.6,2024-08-21
743,C1042,bandwidth,0.0201,2289,46.01,2024-04-19
744,C1053,database_service,0.149,7,1.04,2024-11-18
745,C1083,support_plan,50.0177,1,50.02,2024-04-05
746,C1068,bandwidth,0.0202,3163,63.89,2024-04-23
747,C1078,support_plan,49.5765,1,49.58,2024-12-08
748,C1045,support_plan,50.1343,1,50.13,2024-09-09
749,C1005,database_service,0.1503,8,1.2,2024-03-02
750,C1095,bandwidth,0.0199,1262,25.11,2024-03-31
751,C1068,compute_instances,0.0991,227,22.5,2024-07-19
752,C1065,compute_instances,0.0993,259,25.72,2024-09-09
753,C1019,api_calls,0.001,466677,466.68,2024-11-25
754,C1094,cloud_storage,0.0498,413,20.57,2024-03-15
755,C1097,bandwidth,0.0198,2482,49.14,2024-05-15
756,C1090,cloud_storage,0.0505,278,14.04,2024-03-30
757,C1008,api_calls,0.001,243660,243.66,2024-08-01
758,C1007,api_calls,0.001,489397,489.4,2024-03-01
759,C1088,database_service,0.1495,2,0.3,2024-10-10
760,C1050,database_service,0.1505,5,0.75,2024-04-14
761,C1046,api_calls,0.001,812337,812.34,2024-06-24
762,C1094,cloud_storage,0.0498,661,32.92,2024-06-30
763,C1043,bandwidth,0.0199,2453,48.81,2024-02-27
764,C1085,support_plan,49.8062,1,49.81,2024-08-07
765,C1042,bandwidth,0.0201,1329,26.71,2024-09-15
766,C1005,bandwidth,0.0198,2222,44.0,2024-08-11
767,C1046,support_plan,49.7456,1,49.75,2024-05-18
768,C1097,bandwidth,0.0198,1845,36.53,2024-07-21
769,C1017,database_service,0.1488,5,0.74,2024-03-24
770,C1059,bandwidth,0.02,4171,83.42,2024-06-12
771,C1089,cloud_storage,0.0502,361,18.12,2024-01-15
772,C1046,support_plan,49.7456,1,49.75,2024-02-11
773,C1071,compute_instances,0.0997,419,41.77,2024-07-17
774,C1084,database_service,0.1507,4,0.6,2024-08-29
775,C1009,database_service,0.1507,8,1.21,2024-06-30
776,C1070,support_plan,50.1667,1,50.17,2024-01-19
777,C1036,cloud_storage,0.0503,716,36.01,2024-06-30
778,C1030,support_plan,49.5925,1,49.59,2024-04-30
779,C1012,support_plan,49.5056,1,49.51,2024-09-14
780,C1030,support_plan,49.5925,1,49.59,2024-04-14
781,C1016,bandwidth,0.0201,3163,63.58,2024-08-07
782,C1058,compute_instances,0.1008,577,58.16,2024-05-04
783,C1058,compute_instances,0.1008,371,37.4,2024-06-27
784,C1068,compute_instances,0.0991,43,4.26,2024-03-13
785,C1009,database_service,0.1507,2,0.3,2024-03-20
786,C1030,database_service,0.1503,10,1.5,2024-04-16
787,C1090,cloud_storage,0.0505,247,12.47,2024-09-23
788,C1037,compute_instances,0.1008,637,64.21,2024-06-03
789,C1001,bandwidth,0.02,2312,46.24,2024-05-02
790,C1079,compute_instances,0.1005,229,23.01,2024-03-31
791,C1038,cloud_storage,0.0497,191,9.49,2024-10-02
792,C1099,api_calls,0.001,281755,281.75,2024-04-10
793,C1074,database_service,0.1486,2,0.3,2024-08-15
794,C1041,cloud_storage,0.0498,808,40.24,2024-09-08
795,C1037,compute_instances,0.1008,450,45.36,2024-01-29
796,C1006,support_plan,49.7939,1,49.79,2024-01-28
797,C1003,bandwidth,0.02,1029,20.58,2024-07-02
798,C1095,bandwidth,0.0199,1276,25.39,2024-03-29
799,C1065,api_calls,0.001,579277,579.28,2024-04-26
800,C1080,support_plan,50.074,1,50.07,2024-03-02
801,C1052,compute_instances,0.0994,183,18.19,2024-05-01
815,C1052,compute_instances,0.0994,183,18.19,2024-05-01
802,C1091,support_plan,50.0773,1,50.08,2024-07-21
803,C1049,cloud_storage,0.0503,139,6.99,2024-07-12
804,C1084,database_service,0.1507,2,0.3,2024-08-25
805,C1073,support_plan,50.1948,1,50.19,2024-08-18
806,C1012,support_plan,49.5056,1,49.51,2024-06-11
807,C1068,database_service,0.1496,5,0.75,2024-02-09
808,C1071,compute_instances,0.0997,36,3.59,2024-09-05
809,C1092,api_calls,0.001,354731,354.73,2024-04-08
810,C1062,api_calls,0.001,445813,445.81,2024-07-22
811,C1019,api_calls,0.001,399541,399.54,2024-01-11
812,C1085,cloud_storage,0.0498,318,15.84,2024-09-01
813,C1067,database_service,0.1494,2,0.3,2024-02-22
814,C1098,bandwidth,0.0202,1804,36.44,2024-09-15
815,C1030,compute_instances,0.0998,570,56.89,2024-05-07
816,C1052,compute_instances,0.0994,662,65.8,2024-04-14
817,C1081,compute_instances,0.0998,379,37.82,2024-03-28
818,C1099,cloud_storage,0.0504,762,38.4,2024-03-27
819,C1056,database_service,0.1498,10,1.5,2024-07-08
820,C1026,api_calls,0.001,161094,161.09,2024-08-28
821,C1080,cloud_storage,0.0497,955,47.46,2024-11-19
822,C1018,api_calls,0.001,213587,213.59,2024-05-02
823,C1050,database_service,0.1505,3,0.45,2024-03-07
824,C1037,cloud_storage,0.0503,274,13.78,2024-02-26
825,C1091,support_plan,50.0773,1,50.08,2024-08-26
826,C1081,bandwidth,0.0201,4309,86.61,2024-11-22
827,C1083,support_plan,50.0177,1,50.02,2024-06-13
828,C1030,compute_instances,0.0998,616,61.48,2024-02-22
829,C1017,bandwidth,0.0199,726,14.45,2024-07-10
830,C1040,database_service,0.1506,2,0.3,2024-03-17
831,C1006,support_plan,49.7939,1,49.79,2024-08-02
846,C1006,support_plan,49.7939,1,49.79,2024-08-02
832,C1061,database_service,0.1514,5,0.76,2024-05-14
833,C1009,bandwidth,0.02,1869,37.38,2024-08-15
834,C1026,api_calls,0.001,76090,76.09,2024-01-25
835,C1015,api_calls,0.001,207217,207.22,2024-04-04
836,C1087,support_plan,50.3942,1,50.39,2024-03-26
837,C1026,cloud_storage,0.0505,761,38.43,2024-04-29
838,C1088,bandwidth,0.0199,4150,82.59,2024-02-16
839,C1085,api_calls,0.001,344683,344.68,2024-05-08
840,C1031,support_plan,49.8582,1,49.86,2024-05-29
841,C1091,support_plan,50.0773,1,50.08,2024-07-10
842,C1037,cloud_storage,0.0503,265,13.33,2024-04-26
843,C1026,cloud_storage,0.0505,392,19.8,2024-06-13
844,C1098,bandwidth,0.0202,1440,29.09,2024-08-09
845,C1094,cloud_storage,0.0498,653,32.52,2024-05-25
846,C1068,compute_instances,0.0991,201,19.92,2024-05-08
847,C1073,support_plan,50.1948,1,50.19,2024-03-11
848,C1067,api_calls,0.001,142944,142.94,2024-10-26
849,C1097,bandwidth,0.0198,1244,24.63,2024-08-22
850,C1064,compute_instances,0.1,342,34.2,2024-02-01
851,C1059,bandwidth,0.02,4830,96.6,2024-07-07
852,C1018,api_calls,0.001,554588,554.59,2024-02-23
853,C1096,api_calls,0.001,868164,868.16,2024-03-12
854,C1042,database_service,0.1498,6,0.9,2024-05-09
855,C1019,api_calls,0.001,325411,325.41,2024-11-27
856,C1089,cloud_storage,0.0502,169,8.48,2024-04-14
857,C1047,support_plan,49.962,1,49.96,2024-06-04
858,C1051,support_plan,50.0508,1,50.05,2024-04-03
859,C1006,cloud_storage,0.0497,917,45.57,2024-06-07
860,C1093,compute_instances,0.1006,698,70.22,2024-02-02
861,C1084,database_service,0.1507,4,0.6,2024-01-29
862,C1025,support_plan,50.2049,1,50.2,2024-06-05
863,C1090,database_service,0.1511,5,0.76,2024-06-23
864,C1088,database_service,0.1495,9,1.35,2024-02-15
865,C1031,bandwidth,0.0199,4256,84.69,2024-04-08
866,C1043,api_calls,0.001,657790,657.79,2024-03-21
867,C1084,database_service,0.1507,3,0.45,2024-07-03
868,C1005,bandwidth,0.0198,4721,93.48,2024-06-14
869,C1028,bandwidth,0.0198,2866,56.75,2024-05-24
885,C1028,bandwidth,0.0198,2866,56.75,2024-05-24
870,C1055,bandwidth,0.02,4492,89.84,2024-06-21
871,C1100,compute_instances,0.1001,444,44.44,2024-01-19
872,C1065,database_service,0.1501,3,0.45,2024-10-13
873,C1006,support_plan,49.7939,1,49.79,2024-02-01
874,C1065,compute_instances,0.0993,648,64.35,2024-07-18
875,C1026,bandwidth,0.02,4164,83.28,2024-07-27
876,C1059,bandwidth,0.02,1976,39.52,2024-03-03
877,C1100,cloud_storage,0.0497,988,49.1,2024-07-16
878,C1080,support_plan,50.074,1,50.07,2024-03-15
879,C1090,database_service,0.1511,2,0.3,2024-05-31
880,C1049,support_plan,49.9345,1,49.93,2024-09-14
881,C1073,api_calls,0.001,385954,385.95,2024-01-31
882,C1087,cloud_storage,0.0498,432,21.51,2024-06-26
883,C1085,cloud_storage,0.0498,463,23.06,2024-08-25
884,C1011,cloud_storage,0.0498,665,33.12,2024-02-23
885,C1100,compute_instances,0.1001,168,16.82,2024-07-25
886,C1013,bandwidth,0.02,1113,22.26,2024-05-11
887,C1085,api_calls,0.001,648698,648.7,2024-08-03
888,C1044,compute_instances,0.099,229,22.67,2024-04-16
889,C1012,cloud_storage,0.0499,718,35.83,2024-04-05
890,C1090,database_service,0.1511,8,1.21,2024-06-17
891,C1046,support_plan,49.7456,1,49.75,2024-05-04
892,C1055,bandwidth,0.02,2889,57.78,2024-09-10
893,C1012,support_plan,49.5056,1,49.51,2024-07-15
894,C1088,database_service,0.1495,6,0.9,2024-04-25
895,C1041,cloud_storage,0.0498,992,49.4,2024-04-12
896,C1067,cloud_storage,0.0504,373,18.8,2024-08-05
897,C1029,api_calls,0.001,623433,623.43,2024-02-18
898,C1030,support_plan,49.5925,1,49.59,2024-09-30
915,C1030,support_plan,49.5925,1,49.59,2024-09-30
899,C1070,cloud_storage,0.0497,219,10.88,2024-08-16
900,C1079,compute_instances,0.0823,314,25.84,2024-09-19
901,C1090,database_service,0.1511,8,1.21,2024-08-05
902,C1045,database_service,0.151,6,0.91,2024-03-14
903,C1019,bandwidth,0.02,4744,94.88,2024-04-08
904,C1090,support_plan,50.0927,1,50.09,2024-10-14
905,C1049,support_plan,49.9345,1,49.93,2024-08-22
906,C1006,cloud_storage,0.0497,745,37.03,2024-12-17
907,C1022,compute_instances,0.1003,521,52.26,2024-10-22
908,C1096,cloud_storage,0.0502,642,32.23,2024-06-26
909,C1049,api_calls,0.001,578131,578.13,2024-10-01
910,C1086,database_service,0.1494,7,1.05,2024-02-18
911,C1012,cloud_storage,0.0499,428,21.36,2024-05-04
912,C1015,cloud_storage,0.0495,297,14.7,2024-02-05
913,C1034,support_plan,49.5559,1,49.56,2024-07-06
914,C1025,support_plan,50.2049,1,50.2,2024-07-02
915,C1006,bandwidth,0.0199,2361,46.98,2024-09-15
916,C1093,support_plan,49.6887,1,49.69,2024-09-02
917,C1011,database_service,0.1509,10,1.51,2024-02-01
918,C1035,api_calls,0.001,120962,120.96,2024-03-27
919,C1066,compute_instances,0.0991,503,49.85,2024-06-02
920,C1006,bandwidth,0.0199,3281,65.29,2024-07-22
921,C1006,support_plan,49.7939,1,49.79,2024-08-11
922,C1099,cloud_storage,0.0504,943,47.53,2024-02-05
940,C1099,cloud_storage,0.0504,943,47.53,2024-02-05
923,C1066,cloud_storage,0.0499,101,5.04,2024-06-05
924,C1047,bandwidth,0.0199,3861,76.83,2024-02-10
925,C1048,cloud_storage,0.0498,159,7.92,2024-02-18
926,C1091,cloud_storage,0.0497,136,6.76,2024-06-18
927,C1098,support_plan,50.1251,1,50.13,2024-05-14
928,C1026,cloud_storage,0.0505,349,17.62,2024-01-31
929,C1083,support_plan,50.0177,1,50.02,2024-07-14
930,C1090,support_plan,50.0927,1,50.09,2024-02-06
931,C1065,compute_instances,0.0993,489,48.56,2024-06-25
932,C1035,api_calls,0.001,714959,714.96,2024-06-05
933,C1042,database_service,0.1498,10,1.5,2024-04-19
934,C1099,api_calls,0.001,585197,585.2,2024-07-18
935,C1022,bandwidth,0.0199,4053,80.65,2024-02-17
936,C1019,bandwidth,0.02,591,11.82,2024-07-14
937,C1056,database_service,0.1498,10,1.5,2024-08-27
956,C1056,database_service,0.1498,10,1.5,2024-08-27
938,C1039,database_service,0.1499,6,0.9,2024-06-11
939,C1015,support_plan,49.9936,1,49.99,2024-03-08
940,C1051,support_plan,50.0508,1,50.05,2024-02-21
941,C1029,compute_instances,0.1006,159,16.0,2024-08-23
942,C1026,cloud_storage,0.0505,549,27.72,2024-01-05
943,C1019,api_calls,0.001,431986,431.99,2024-12-17
944,C1016,bandwidth,0.0201,3426,68.86,2024-06-11
945,C1049,support_plan,49.9345,1,49.93,2024-04-12
946,C1099,cloud_storage,0.0504,801,40.37,2024-01-10
947,C1005,cloud_storage,0.0497,802,39.86,2024-06-10
948,C1081,api_calls,0.001,345927,345.93,2025-01-08
949,C1015,cloud_storage,0.0495,892,44.15,2024-07-02
950,C1039,database_service,0.1499,8,1.2,2024-04-05
951,C1091,cloud_storage,0.0497,371,18.44,2024-03-15
952,C1030,support_plan,49.5925,1,49.59,2024-10-01
953,C1094,cloud_storage,0.0498,278,13.84,2024-01-28
954,C1070,cloud_storage,0.0497,434,21.57,2024-05-23
955,C1011,database_service,0.1509,4,0.6,2024-06-19
956,C1007,bandwidth,0.02,2487,49.74,2024-02-21
957,C1080,support_plan,50.074,1,50.07,2024-06-15
958,C1093,support_plan,49.6887,1,49.69,2024-07-29
959,C1012,support_plan,49.5056,1,49.51,2024-04-03
960,C1011,database_service,0.1509,6,0.91,2024-05-21
961,C1098,compute_instances,0.101,705,71.2,2024-09-29
962,C1028,cloud_storage,0.0505,727,36.71,2024-09-20
963,C1100,cloud_storage,0.0497,769,38.22,2024-06-30
964,C1094,cloud_storage,0.0498,701,34.91,2024-03-29
965,C1083,api_calls,0.001,593938,593.94,2024-06-04
966,C1013,bandwidth,0.02,3317,66.34,2024-09-15
967,C1095,bandwidth,0.0199,1265,25.17,2024-06-29
968,C1100,compute_instances,0.1001,272,27.23,2024-05-28
969,C1028,bandwidth,0.0198,1758,34.81,2024-05-31
970,C1066,support_plan,49.7987,1,49.8,2024-06-12
971,C1021,database_service,0.15,9,1.35,2024-04-23
972,C1073,api_calls,0.001,818493,818.49,2024-04-01
973,C1097,bandwidth,0.0198,1202,23.8,2024-02-21
974,C1058,compute_instances,0.1008,652,65.72,2024-03-29
975,C1086,database_service,0.1494,9,1.34,2024-04-23
976,C1030,database_service,0.1503,10,1.5,2024-05-04
977,C1099,cloud_storage,0.0504,131,6.6,2024-07-31
978,C1055,bandwidth,0.02,1843,36.86,2024-04-30
979,C1071,compute_instances,0.0997,296,29.51,2024-09-11
980,C1018,api_calls,0.001,713971,713.97,2024-07-18
981,C1060,support_plan,49.5552,1,49.56,2024-01-30
982,C1091,api_calls,0.001,825174,825.17,2024-10-15
983,C1100,database_service,0.1503,7,1.05,2024-10-18
984,C1084,database_service,0.1507,9,1.36,2024-08-20
985,C1075,api_calls,0.001,970152,970.15,2024-01-23
986,C1071,compute_instances,0.0997,426,42.47,2024-05-19
987,C1006,cloud_storage,0.0497,672,33.4,2024-09-20
988,C1012,support_plan,49.5056,1,49.51,2024-03-29
989,C1007,bandwidth,0.02,2034,40.68,2024-04-04
990,C1002,compute_instances,0.1003,341,34.2,2024-01-19
991,C1079,database_service,0.1499,6,0.9,2024-08-23
992,C1090,support_plan,50.0927,1,50.09,2024-07-04
993,C1017,bandwidth,0.0199,1618,32.2,2024-09-13
994,C1088,database_service,0.1495,9,1.35,2024-07-18
995,C1048,cloud_storage,0.0498,653,32.52,2024-05-28
1015,C1048,cloud_storage,0.0498,653,32.52,2024-05-28
996,C1056,database_service,0.1498,5,0.75,2024-02-21
997,C1024,api_calls,0.001,420491,420.49,2024-09-04
998,C1071,compute_instances,0.0997,200,19.94,2024-07-12
999,C1068,compute_instances,0.0991,664,65.8,2024-09-22
1000,C1019,compute_instances,0.0998,327,32.63,2024-07-29
